session_id,attack_detected
SID_09201,0.0
SID_05910,0.0
SID_09366,0.0
SID_02960,0.0
SID_08958,0.0
SID_03980,0.0
SID_01263,0.0
SID_03661,0.0
SID_00410,0.0
SID_08857,0.0
SID_05005,0.0
SID_06311,0.0
SID_04502,0.0
SID_08340,0.0
SID_05215,0.0
SID_08964,0.0
SID_08662,0.0
SID_06691,0.0
SID_06157,0.0
SID_08385,0.0
SID_06538,0.0
SID_03289,0.0
SID_04749,0.0
SID_01342,0.0
SID_08995,0.0
SID_05510,0.0
SID_06618,0.0
SID_03930,0.0
SID_03296,0.0
SID_08307,0.0
SID_04271,0.0
SID_08640,0.0
SID_04772,0.0
SID_04426,0.0
SID_04857,0.0
SID_09094,0.0
SID_08883,0.0
SID_09016,0.0
SID_00238,0.0
SID_07648,0.0
SID_07517,0.0
SID_03531,0.0
SID_01417,0.0
SID_07490,0.0
SID_04598,0.0
SID_09391,0.0
SID_02081,0.0
SID_01159,0.0
SID_02464,0.0
SID_09135,0.0
SID_05064,0.0
SID_01199,0.0
SID_05103,0.0
SID_07876,0.0
SID_04188,0.0
SID_06731,0.0
SID_02466,0.0
SID_01749,0.0
SID_03202,0.0
SID_09497,0.0
SID_08533,0.0
SID_08910,0.0
SID_04514,0.0
SID_00354,0.0
SID_05986,0.0
SID_03524,0.0
SID_03872,0.0
SID_08280,0.0
SID_03569,0.0
SID_07044,0.0
SID_03237,0.0
SID_05544,0.0
SID_06254,0.0
SID_01679,0.0
SID_06449,0.0
SID_05065,0.0
SID_06861,0.0
SID_00503,0.0
SID_05323,0.0
SID_07667,0.0
SID_02132,0.0
SID_08689,0.0
SID_00949,0.0
SID_05931,0.0
SID_05187,0.0
SID_05053,0.0
SID_07190,0.0
SID_07778,0.0
SID_08397,0.0
SID_01685,0.0
SID_05988,0.0
SID_03077,0.0
SID_00644,0.0
SID_03970,0.0
SID_07570,0.0
SID_06668,0.0
SID_05949,0.0
SID_06489,0.0
SID_06384,0.0
SID_02844,0.0
SID_03932,0.0
SID_07426,0.0
SID_02522,0.0
SID_04595,0.0
SID_03542,0.0
SID_01710,0.0
SID_02273,0.0
SID_06415,0.0
SID_08269,0.0
SID_05952,0.0
SID_08242,0.0
SID_03597,0.0
SID_02427,0.0
SID_03998,0.0
SID_01757,0.0
SID_03215,0.0
SID_06865,0.0
SID_03222,0.0
SID_05732,0.0
SID_04508,0.0
SID_06880,0.0
SID_04052,0.0
SID_00493,0.0
SID_07295,0.0
SID_06136,0.0
SID_04144,0.0
SID_00998,0.0
SID_03779,0.0
SID_08434,0.0
SID_00629,0.0
SID_01852,0.0
SID_05261,0.0
SID_08795,0.0
SID_02591,0.0
SID_04619,0.0
SID_03091,0.0
SID_06680,0.0
SID_05926,0.0
SID_08118,0.0
SID_05969,0.0
SID_09159,0.0
SID_01737,0.0
SID_00225,0.0
SID_06253,0.0
SID_00070,0.0
SID_08438,0.0
SID_06288,0.0
SID_08564,0.0
SID_06033,0.0
SID_07576,0.0
SID_04931,0.0
SID_04953,0.0
SID_07692,0.0
SID_02476,0.0
SID_04725,0.0
SID_01209,0.0
SID_01239,0.0
SID_01684,0.0
SID_06273,0.0
SID_06703,0.0
SID_08532,0.0
SID_08726,0.0
SID_02054,0.0
SID_00587,0.0
SID_03572,0.0
SID_01477,0.0
SID_03239,0.0
SID_03311,0.0
SID_08684,0.0
SID_09342,0.0
SID_02663,0.0
SID_07234,0.0
SID_03323,0.0
SID_04196,0.0
SID_06979,0.0
SID_05308,0.0
SID_04334,0.0
SID_03271,0.0
SID_00914,0.0
SID_03911,0.0
SID_02377,0.0
SID_04647,0.0
SID_03856,0.0
SID_06101,0.0
SID_05034,0.0
SID_08842,0.0
SID_02147,0.0
SID_05543,0.0
SID_04645,0.0
SID_06302,0.0
SID_05169,0.0
SID_00199,0.0
SID_03746,0.0
SID_00448,0.0
SID_04939,0.0
SID_02958,0.0
SID_03361,0.0
SID_04277,0.0
SID_04058,0.0
SID_08192,0.0
SID_06364,0.0
SID_09033,0.0
SID_03374,0.0
SID_00401,0.0
SID_02628,0.0
SID_00289,0.0
SID_04875,0.0
SID_05334,0.0
SID_00885,0.0
SID_05339,0.0
SID_06520,0.0
SID_09032,0.0
SID_03814,0.0
SID_02266,0.0
SID_01046,0.0
SID_01085,0.0
SID_09517,0.0
SID_00533,0.0
SID_04553,0.0
SID_02489,0.0
SID_03957,0.0
SID_08336,0.0
SID_02913,0.0
SID_03500,0.0
SID_09424,0.0
SID_03796,0.0
SID_07149,0.0
SID_02459,0.0
SID_05154,0.0
SID_08992,0.0
SID_02756,0.0
SID_00537,0.0
SID_07276,0.0
SID_06876,0.0
SID_08399,0.0
SID_06225,0.0
SID_03767,0.0
SID_06995,0.0
SID_03921,0.0
SID_09402,0.0
SID_03584,0.0
SID_07298,0.0
SID_07374,0.0
SID_08547,0.0
SID_05562,0.0
SID_02651,0.0
SID_06313,0.0
SID_00325,0.0
SID_03995,0.0
SID_08412,0.0
SID_01486,0.0
SID_01452,0.0
SID_03325,0.0
SID_08199,0.0
SID_01131,0.0
SID_05240,0.0
SID_06123,0.0
SID_07854,0.0
SID_01973,0.0
SID_05780,0.0
SID_05747,0.0
SID_00674,0.0
SID_03725,0.0
SID_04218,0.0
SID_08058,0.0
SID_08510,0.0
SID_06036,0.0
SID_08513,0.0
SID_01951,0.0
SID_06660,0.0
SID_09115,0.0
SID_03047,0.0
SID_03683,0.0
SID_00030,0.0
SID_03459,0.0
SID_08514,0.0
SID_09122,0.0
SID_03113,0.0
SID_02444,0.0
SID_04290,0.0
SID_07218,0.0
SID_04648,0.0
SID_08027,0.0
SID_05884,0.0
SID_05144,0.0
SID_08543,0.0
SID_05102,0.0
SID_00690,0.0
SID_03347,0.0
SID_01578,0.0
SID_04704,0.0
SID_06216,0.0
SID_04637,0.0
SID_02361,0.0
SID_08358,0.0
SID_02056,0.0
SID_07585,0.0
SID_07305,0.0
SID_07448,0.0
SID_08803,0.0
SID_08450,0.0
SID_04954,0.0
SID_08690,0.0
SID_02895,0.0
SID_02685,0.0
SID_07166,0.0
SID_04159,0.0
SID_05581,0.0
SID_06374,0.0
SID_04152,0.0
SID_02784,0.0
SID_00957,0.0
SID_05375,0.0
SID_01229,0.0
SID_01665,0.0
SID_08598,0.0
SID_07772,0.0
SID_09039,0.0
SID_04156,0.0
SID_08126,0.0
SID_05758,0.0
SID_07502,0.0
SID_01337,0.0
SID_01922,0.0
SID_01564,0.0
SID_05295,0.0
SID_04850,0.0
SID_00599,0.0
SID_05151,0.0
SID_07873,0.0
SID_06663,0.0
SID_01003,0.0
SID_02613,0.0
SID_05079,0.0
SID_06441,0.0
SID_09096,0.0
SID_01293,0.0
SID_05335,0.0
SID_04286,0.0
SID_08501,0.0
SID_08941,0.0
SID_03336,0.0
SID_08054,0.0
SID_03744,0.0
SID_00657,0.0
SID_03583,0.0
SID_05617,0.0
SID_01927,0.0
SID_04359,0.0
SID_06566,0.0
SID_08680,0.0
SID_07806,0.0
SID_00367,0.0
SID_03027,0.0
SID_06607,0.0
SID_05639,0.0
SID_03051,0.0
SID_03039,0.0
SID_06070,0.0
SID_06859,0.0
SID_00661,0.0
SID_03526,0.0
SID_08443,0.0
SID_03434,0.0
SID_05935,0.0
SID_01008,0.0
SID_05414,0.0
SID_06529,0.0
SID_00227,0.0
SID_00604,0.0
SID_02100,0.0
SID_00452,0.0
SID_06533,0.0
SID_02880,0.0
SID_05188,0.0
SID_06067,0.0
SID_08685,0.0
SID_05976,0.0
SID_06686,0.0
SID_09375,0.0
SID_08754,0.0
SID_04450,0.0
SID_02358,0.0
SID_04410,0.0
SID_01315,0.0
SID_05452,0.0
SID_09257,0.0
SID_00698,0.0
SID_05607,0.0
SID_05681,0.0
SID_04999,0.0
SID_07352,0.0
SID_03793,0.0
SID_02701,0.0
SID_08089,0.0
SID_07547,0.0
SID_02196,0.0
SID_04258,0.0
SID_02144,0.0
SID_09482,0.0
SID_07086,0.0
SID_01740,0.0
SID_07844,0.0
SID_05172,0.0
SID_08838,0.0
SID_08392,0.0
SID_07745,0.0
SID_07543,0.0
SID_02337,0.0
SID_09401,0.0
SID_06608,0.0
SID_03598,0.0
SID_02601,0.0
SID_03660,0.0
SID_06037,0.0
SID_01892,0.0
SID_06833,0.0
SID_07483,0.0
SID_05527,0.0
SID_03915,0.0
SID_07509,0.0
SID_01247,0.0
SID_02306,0.0
SID_04315,0.0
SID_01305,0.0
SID_06993,0.0
SID_02634,0.0
SID_04855,0.0
SID_05942,0.0
SID_00810,0.0
SID_04210,0.0
SID_08647,0.0
SID_05008,0.0
SID_07884,0.0
SID_06513,0.0
SID_07208,0.0
SID_01594,0.0
SID_02077,0.0
SID_03773,0.0
SID_02071,0.0
SID_08367,0.0
SID_06524,0.0
SID_06120,0.0
SID_03984,0.0
SID_05689,0.0
SID_05471,0.0
SID_09051,0.0
SID_09074,0.0
SID_07254,0.0
SID_07825,0.0
SID_02282,0.0
SID_07544,0.0
SID_03158,0.0
SID_04192,0.0
SID_05538,0.0
SID_08380,0.0
SID_02018,0.0
SID_03328,0.0
SID_06259,0.0
SID_01617,0.0
SID_08258,0.0
SID_08077,0.0
SID_08612,0.0
SID_00267,0.0
SID_05859,0.0
SID_00568,0.0
SID_00546,0.0
SID_01496,0.0
SID_05371,0.0
SID_05634,0.0
SID_01534,0.0
SID_06894,0.0
SID_08232,0.0
SID_05606,0.0
SID_02388,0.0
SID_04808,0.0
SID_09132,0.0
SID_06761,0.0
SID_05418,0.0
SID_02832,0.0
SID_06175,0.0
SID_02296,0.0
SID_03629,0.0
SID_07957,0.0
SID_07598,0.0
SID_08297,0.0
SID_02843,0.0
SID_06988,0.0
SID_09137,0.0
SID_04500,0.0
SID_06868,0.0
SID_04539,0.0
SID_07445,0.0
SID_03462,0.0
SID_00771,0.0
SID_07601,0.0
SID_08745,0.0
SID_06248,0.0
SID_07948,0.0
SID_05658,0.0
SID_05519,0.0
SID_01592,0.0
SID_04211,0.0
SID_03011,0.0
SID_00255,0.0
SID_01036,0.0
SID_07625,0.0
SID_06078,0.0
SID_05905,0.0
SID_06042,0.0
SID_06713,0.0
SID_01087,0.0
SID_02742,0.0
SID_03800,0.0
SID_09487,0.0
SID_03372,0.0
SID_07377,0.0
SID_05469,0.0
SID_03763,0.0
SID_00864,0.0
SID_01403,0.0
SID_08219,0.0
SID_06754,0.0
SID_00792,0.0
SID_05121,0.0
SID_09166,0.0
SID_02437,0.0
SID_06234,0.0
SID_07385,0.0
SID_01505,0.0
SID_03249,0.0
SID_07471,0.0
SID_04634,0.0
SID_06356,0.0
SID_04635,0.0
SID_02449,0.0
SID_08694,0.0
SID_00239,0.0
SID_05199,0.0
SID_01709,0.0
SID_07104,0.0
SID_00473,0.0
SID_04632,0.0
SID_03386,0.0
SID_00464,0.0
SID_09207,0.0
SID_04624,0.0
SID_05830,0.0
SID_07793,0.0
SID_09002,0.0
SID_02496,0.0
SID_04942,0.0
SID_03689,0.0
SID_07435,0.0
SID_00895,0.0
SID_04235,0.0
SID_07451,0.0
SID_02850,0.0
SID_02386,0.0
SID_03708,0.0
SID_01076,0.0
SID_09405,0.0
SID_02882,0.0
SID_06563,0.0
SID_03850,0.0
SID_02709,0.0
SID_05563,0.0
SID_02695,0.0
SID_03295,0.0
SID_02845,0.0
SID_01504,0.0
SID_00149,0.0
SID_08015,0.0
SID_01788,0.0
SID_02359,0.0
SID_08127,0.0
SID_02409,0.0
SID_06769,0.0
SID_00672,0.0
SID_00163,0.0
SID_02260,0.0
SID_02031,0.0
SID_04491,0.0
SID_00781,0.0
SID_08688,0.0
SID_07611,0.0
SID_07306,0.0
SID_00796,0.0
SID_00656,0.0
SID_02502,0.0
SID_03412,0.0
SID_00194,0.0
SID_04975,0.0
SID_06334,0.0
SID_04503,0.0
SID_00952,0.0
SID_07657,0.0
SID_08132,0.0
SID_00009,0.0
SID_03924,0.0
SID_00498,0.0
SID_04082,0.0
SID_05990,0.0
SID_09364,0.0
SID_01440,0.0
SID_04558,0.0
SID_05264,0.0
SID_08056,0.0
SID_07526,0.0
SID_00243,0.0
SID_03780,0.0
SID_04721,0.0
SID_03818,0.0
SID_01122,0.0
SID_06504,0.0
SID_02064,0.0
SID_08875,0.0
SID_00623,0.0
SID_00173,0.0
SID_08476,0.0
SID_04007,0.0
SID_04436,0.0
SID_01956,0.0
SID_03890,0.0
SID_07698,0.0
SID_07984,0.0
SID_04868,0.0
SID_07531,0.0
SID_05076,0.0
SID_09221,0.0
SID_01589,0.0
SID_03280,0.0
SID_02408,0.0
SID_09415,0.0
SID_00973,0.0
SID_03517,0.0
SID_05570,0.0
SID_04388,0.0
SID_06710,0.0
SID_03080,0.0
SID_08119,0.0
SID_01089,0.0
SID_04933,0.0
SID_07660,0.0
SID_00120,0.0
SID_05975,0.0
SID_00947,0.0
SID_06255,0.0
SID_02980,0.0
SID_05439,0.0
SID_06506,0.0
SID_01213,0.0
SID_02303,0.0
SID_02320,0.0
SID_02655,0.0
SID_00889,0.0
SID_04636,0.0
SID_09220,0.0
SID_03527,0.0
SID_08227,0.0
SID_02070,0.0
SID_03839,0.0
SID_06705,0.0
SID_02030,0.0
SID_02981,0.0
SID_07859,0.0
SID_03449,0.0
SID_06813,0.0
SID_02327,0.0
SID_04609,0.0
SID_03705,0.0
SID_02098,0.0
SID_07135,0.0
SID_04995,0.0
SID_08900,0.0
SID_05537,0.0
SID_03056,0.0
SID_00804,0.0
SID_00235,0.0
SID_09084,0.0
SID_06541,0.0
SID_06379,0.0
SID_05691,0.0
SID_08288,0.0
SID_06395,0.0
SID_05442,0.0
SID_09385,0.0
SID_05167,0.0
SID_04405,0.0
SID_07638,0.0
SID_01279,0.0
SID_02842,0.0
SID_07727,0.0
SID_05330,0.0
SID_06040,0.0
SID_08350,0.0
SID_05184,0.0
SID_05287,0.0
SID_06756,0.0
SID_08327,0.0
SID_09314,0.0
SID_00296,0.0
SID_02472,0.0
SID_05489,0.0
SID_00550,0.0
SID_08761,0.0
SID_03341,0.0
SID_07582,0.0
SID_00034,0.0
SID_00455,0.0
SID_00666,0.0
SID_08642,0.0
SID_08282,0.0
SID_07467,0.0
SID_04417,0.0
SID_06128,0.0
SID_01367,0.0
SID_04840,0.0
SID_00084,0.0
SID_00706,0.0
SID_04240,0.0
SID_09000,0.0
SID_09462,0.0
SID_03626,0.0
SID_04093,0.0
SID_06795,0.0
SID_08566,0.0
SID_09286,0.0
SID_08804,0.0
SID_00975,0.0
SID_04591,0.0
SID_05237,0.0
SID_09504,0.0
SID_02367,0.0
SID_09069,0.0
SID_07937,0.0
SID_07297,0.0
SID_06263,0.0
SID_06664,0.0
SID_01353,0.0
SID_05583,0.0
SID_05666,0.0
SID_07109,0.0
SID_01092,0.0
SID_06855,0.0
SID_07476,0.0
SID_03900,0.0
SID_09119,0.0
SID_07321,0.0
SID_04796,0.0
SID_01205,0.0
SID_03631,0.0
SID_01216,0.0
SID_08542,0.0
SID_09425,0.0
SID_02161,0.0
SID_02526,0.0
SID_00036,0.0
SID_03761,0.0
SID_03293,0.0
SID_05236,0.0
SID_03299,0.0
SID_02675,0.0
SID_02835,0.0
SID_02773,0.0
SID_06260,0.0
SID_00806,0.0
SID_02298,0.0
SID_01261,0.0
SID_03935,0.0
SID_07641,0.0
SID_08301,0.0
SID_04084,0.0
SID_06503,0.0
SID_06985,0.0
SID_04108,0.0
SID_08800,0.0
SID_04132,0.0
SID_01803,0.0
SID_05320,0.0
SID_02555,0.0
SID_09130,0.0
SID_08170,0.0
SID_07735,0.0
SID_02680,0.0
SID_01699,0.0
SID_08739,0.0
SID_00387,0.0
SID_00869,0.0
SID_08395,0.0
SID_07677,0.0
SID_02622,0.0
SID_09121,0.0
SID_01747,0.0
SID_01527,0.0
SID_03049,0.0
SID_02066,0.0
SID_08220,0.0
SID_04889,0.0
SID_03624,0.0
SID_01310,0.0
SID_01007,0.0
SID_03198,0.0
SID_07225,0.0
SID_08107,0.0
SID_03519,0.0
SID_06281,0.0
SID_04756,0.0
SID_01421,0.0
SID_00362,0.0
SID_01649,0.0
SID_06235,0.0
SID_02370,0.0
SID_07906,0.0
SID_04804,0.0
SID_06895,0.0
SID_07469,0.0
SID_05268,0.0
SID_00259,0.0
SID_04713,0.0
SID_09499,0.0
SID_00605,0.0
SID_02285,0.0
SID_02657,0.0
SID_00726,0.0
SID_07240,0.0
SID_01574,0.0
SID_01252,0.0
SID_05333,0.0
SID_07414,0.0
SID_02546,0.0
SID_01426,0.0
SID_04414,0.0
SID_07589,0.0
SID_01851,0.0
SID_02349,0.0
SID_04012,0.0
SID_01782,0.0
SID_07791,0.0
SID_02284,0.0
SID_07279,0.0
SID_03256,0.0
SID_03634,0.0
SID_02190,0.0
SID_09247,0.0
SID_07631,0.0
SID_00308,0.0
SID_04532,0.0
SID_08059,0.0
SID_00014,0.0
SID_09397,0.0
SID_04920,0.0
SID_07095,0.0
SID_09189,0.0
SID_03897,0.0
SID_00978,0.0
SID_02642,0.0
SID_06816,0.0
SID_04048,0.0
SID_01815,0.0
SID_05235,0.0
SID_05397,0.0
SID_05101,0.0
SID_00581,0.0
SID_03373,0.0
SID_03138,0.0
SID_04003,0.0
SID_00977,0.0
SID_03291,0.0
SID_07169,0.0
SID_06811,0.0
SID_05372,0.0
SID_04305,0.0
SID_04298,0.0
SID_07540,0.0
SID_06436,0.0
SID_03495,0.0
SID_07059,0.0
SID_03522,0.0
SID_00329,0.0
SID_01125,0.0
SID_06927,0.0
SID_01186,0.0
SID_01961,0.0
SID_00892,0.0
SID_04313,0.0
SID_00424,0.0
SID_01300,0.0
SID_05190,0.0
SID_07675,0.0
SID_02611,0.0
SID_04541,0.0
SID_05043,0.0
SID_06209,0.0
SID_09416,0.0
SID_04584,0.0
SID_07464,0.0
SID_05917,0.0
SID_04322,0.0
SID_03309,0.0
SID_06027,0.0
SID_05547,0.0
SID_07799,0.0
SID_08215,0.0
SID_08648,0.0
SID_08194,0.0
SID_06831,0.0
SID_06609,0.0
SID_08716,0.0
SID_03168,0.0
SID_08736,0.0
SID_00557,0.0
SID_03709,0.0
SID_02352,0.0
SID_09320,0.0
SID_04887,0.0
SID_00525,0.0
SID_06759,0.0
SID_01798,0.0
SID_04280,0.0
SID_03316,0.0
SID_04906,0.0
SID_04404,0.0
SID_06167,0.0
SID_00013,0.0
SID_03939,0.0
SID_09353,0.0
SID_07553,0.0
SID_04400,0.0
SID_05961,0.0
SID_05413,0.0
SID_01230,0.0
SID_04251,0.0
SID_05870,0.0
SID_07521,0.0
SID_00323,0.0
SID_03649,0.0
SID_05302,0.0
SID_02059,0.0
SID_01911,0.0
SID_00564,0.0
SID_09021,0.0
SID_02139,0.0
SID_02436,0.0
SID_07339,0.0
SID_02027,0.0
SID_07554,0.0
SID_05276,0.0
SID_06129,0.0
SID_02516,0.0
SID_01464,0.0
SID_05016,0.0
SID_05430,0.0
SID_01690,0.0
SID_09491,0.0
SID_05299,0.0
SID_01603,0.0
SID_05761,0.0
SID_05507,0.0
SID_00245,0.0
SID_00917,0.0
SID_03076,0.0
SID_05953,0.0
SID_08933,0.0
SID_00576,0.0
SID_05794,0.0
SID_09233,0.0
SID_01623,0.0
SID_02105,0.0
SID_00927,0.0
SID_05701,0.0
SID_02649,0.0
SID_07206,0.0
SID_09114,0.0
SID_01936,0.0
SID_02500,0.0
SID_07180,0.0
SID_04943,0.0
SID_08072,0.0
SID_05405,0.0
SID_01346,0.0
SID_03617,0.0
SID_02969,0.0
SID_01880,0.0
SID_03759,0.0
SID_03151,0.0
SID_04897,0.0
SID_02779,0.0
SID_06134,0.0
SID_06338,0.0
SID_01336,0.0
SID_00089,0.0
SID_09447,0.0
SID_00218,0.0
SID_07530,0.0
SID_05071,0.0
SID_08087,0.0
SID_06791,0.0
SID_02898,0.0
SID_01993,0.0
SID_00406,0.0
SID_09496,0.0
SID_02803,0.0
SID_06991,0.0
SID_00444,0.0
SID_05518,0.0
SID_06274,0.0
SID_05030,0.0
SID_06492,0.0
SID_05622,0.0
SID_03754,0.0
SID_05965,0.0
SID_03875,0.0
SID_04654,0.0
SID_00528,0.0
SID_06619,0.0
SID_07514,0.0
SID_01873,0.0
SID_05511,0.0
SID_08111,0.0
SID_01254,0.0
SID_04771,0.0
SID_03727,0.0
SID_05788,0.0
SID_02263,0.0
SID_02074,0.0
SID_01165,0.0
SID_00897,0.0
SID_06283,0.0
SID_03609,0.0
SID_01061,0.0
SID_07708,0.0
SID_03075,0.0
SID_08894,0.0
SID_09177,0.0
SID_03001,0.0
SID_02672,0.0
SID_00918,0.0
SID_03552,0.0
SID_04478,0.0
SID_01539,0.0
SID_07247,0.0
SID_04590,0.0
SID_02258,0.0
SID_08230,0.0
SID_02765,0.0
SID_05515,0.0
SID_08974,0.0
SID_03189,0.0
SID_04546,0.0
SID_06906,0.0
SID_02096,0.0
SID_02941,0.0
SID_03355,0.0
SID_02201,0.0
SID_06904,0.0
SID_01931,0.0
SID_07443,0.0
SID_00262,0.0
SID_03867,0.0
SID_09108,0.0
SID_09214,0.0
SID_02046,0.0
SID_01988,0.0
SID_05709,0.0
SID_00509,0.0
SID_06716,0.0
SID_05083,0.0
SID_04594,0.0
SID_03060,0.0
SID_01058,0.0
SID_00486,0.0
SID_06532,0.0
SID_07255,0.0
SID_00499,0.0
SID_04719,0.0
SID_05731,0.0
SID_03488,0.0
SID_01778,0.0
SID_03994,0.0
SID_08555,0.0
SID_01405,0.0
SID_00740,0.0
SID_02933,0.0
SID_03331,0.0
SID_02228,0.0
SID_03330,0.0
SID_05476,0.0
SID_01606,0.0
SID_04208,0.0
SID_06597,0.0
SID_01954,0.0
SID_04100,0.0
SID_05710,0.0
SID_01249,0.0
SID_01651,0.0
SID_06546,0.0
SID_00474,0.0
SID_01463,0.0
SID_08304,0.0
SID_08183,0.0
SID_02097,0.0
SID_06045,0.0
SID_05580,0.0
SID_06585,0.0
SID_07766,0.0
SID_02165,0.0
SID_02185,0.0
SID_06850,0.0
SID_06353,0.0
SID_08538,0.0
SID_04422,0.0
SID_03480,0.0
SID_09443,0.0
SID_00695,0.0
SID_07013,0.0
SID_04644,0.0
SID_08068,0.0
SID_02517,0.0
SID_05468,0.0
SID_06017,0.0
SID_04990,0.0
SID_05017,0.0
SID_05958,0.0
SID_00678,0.0
SID_01890,0.0
SID_05554,0.0
SID_02617,0.0
SID_04848,0.0
SID_05933,0.0
SID_07662,0.0
SID_09379,0.0
SID_04913,0.0
SID_08110,0.0
SID_05024,0.0
SID_05123,0.0
SID_04378,0.0
SID_04431,0.0
SID_05597,0.0
SID_08587,0.0
SID_05069,0.0
SID_05003,0.0
SID_02443,0.0
SID_05836,0.0
SID_00816,0.0
SID_01323,0.0
SID_09118,0.0
SID_05093,0.0
SID_05733,0.0
SID_00445,0.0
SID_05688,0.0
SID_07315,0.0
SID_07536,0.0
SID_07899,0.0
SID_04988,0.0
SID_00681,0.0
SID_05769,0.0
SID_01946,0.0
SID_09126,0.0
SID_01224,0.0
SID_00492,0.0
SID_05671,0.0
SID_07089,0.0
SID_00069,0.0
SID_07497,0.0
SID_06417,0.0
SID_08853,0.0
SID_03940,0.0
SID_06165,0.0
SID_05344,0.0
SID_05499,0.0
SID_07272,0.0
SID_04408,0.0
SID_06177,0.0
SID_02503,0.0
SID_09348,0.0
SID_05293,0.0
SID_04548,0.0
SID_01531,0.0
SID_05948,0.0
SID_00731,0.0
SID_01760,0.0
SID_06734,0.0
SID_07057,0.0
SID_02953,0.0
SID_08520,0.0
SID_01523,0.0
SID_03750,0.0
SID_02079,0.0
SID_06262,0.0
SID_07419,0.0
SID_00454,0.0
SID_03923,0.0
SID_01030,0.0
SID_02117,0.0
SID_08146,0.0
SID_07629,0.0
SID_08975,0.0
SID_03514,0.0
SID_01001,0.0
SID_02650,0.0
SID_00496,0.0
SID_09441,0.0
SID_05007,0.0
SID_03913,0.0
SID_00943,0.0
SID_03675,0.0
SID_03391,0.0
SID_02354,0.0
SID_04013,0.0
SID_09139,0.0
SID_01750,0.0
SID_02044,0.0
SID_00328,0.0
SID_08953,0.0
SID_08639,0.0
SID_09461,0.0
SID_00256,0.0
SID_01565,0.0
SID_07346,0.0
SID_09390,0.0
SID_08383,0.0
SID_05767,0.0
SID_03059,0.0
SID_01312,0.0
SID_05265,0.0
SID_03187,0.0
SID_01884,0.0
SID_05637,0.0
SID_00556,0.0
SID_05350,0.0
SID_02900,0.0
SID_07316,0.0
SID_09111,0.0
SID_08569,0.0
SID_08609,0.0
SID_03310,0.0
SID_05571,0.0
SID_01841,0.0
SID_02090,0.0
SID_03570,0.0
SID_08977,0.0
SID_04641,0.0
SID_06810,0.0
SID_00754,0.0
SID_04874,0.0
SID_03681,0.0
SID_03489,0.0
SID_03094,0.0
SID_01518,0.0
SID_03724,0.0
SID_08306,0.0
SID_01577,0.0
SID_03043,0.0
SID_04814,0.0
SID_02754,0.0
SID_07564,0.0
SID_08086,0.0
SID_00405,0.0
SID_03464,0.0
SID_01910,0.0
SID_07583,0.0
SID_05403,0.0
SID_03182,0.0
SID_06358,0.0
SID_02927,0.0
SID_06796,0.0
SID_07771,0.0
SID_01755,0.0
SID_06741,0.0
SID_05283,0.0
SID_06162,0.0
SID_03035,0.0
SID_08012,0.0
SID_07091,0.0
SID_09347,0.0
SID_06916,0.0
SID_09370,0.0
SID_08873,0.0
SID_05179,0.0
SID_09252,0.0
SID_06328,0.0
SID_03795,0.0
SID_04763,0.0
SID_04424,0.0
SID_07991,0.0
SID_05930,0.0
SID_06247,0.0
SID_01108,0.0
SID_02542,0.0
SID_03771,0.0
SID_04020,0.0
SID_08643,0.0
SID_06711,0.0
SID_03447,0.0
SID_04325,0.0
SID_07995,0.0
SID_07528,0.0
SID_02743,0.0
SID_05807,0.0
SID_03378,0.0
SID_09495,0.0
SID_06414,0.0
SID_08665,0.0
SID_05039,0.0
SID_06174,0.0
SID_07107,0.0
SID_00404,0.0
SID_05348,0.0
SID_02024,0.0
SID_05772,0.0
SID_02080,0.0
SID_04073,0.0
SID_01933,0.0
SID_08140,0.0
SID_04467,0.0
SID_02711,0.0
SID_05392,0.0
SID_06616,0.0
SID_00660,0.0
SID_00287,0.0
SID_07268,0.0
SID_02029,0.0
SID_04233,0.0
SID_05033,0.0
SID_05850,0.0
SID_00782,0.0
SID_03375,0.0
SID_09161,0.0
SID_00955,0.0
SID_01416,0.0
SID_05664,0.0
SID_07580,0.0
SID_08590,0.0
SID_08315,0.0
SID_01613,0.0
SID_01586,0.0
SID_01437,0.0
SID_01861,0.0
SID_03284,0.0
SID_00293,0.0
SID_05712,0.0
SID_03838,0.0
SID_05246,0.0
SID_03910,0.0
SID_03379,0.0
SID_08102,0.0
SID_04603,0.0
SID_01360,0.0
SID_04163,0.0
SID_06093,0.0
SID_03058,0.0
SID_06478,0.0
SID_07954,0.0
SID_04222,0.0
SID_00131,0.0
SID_05922,0.0
SID_02332,0.0
SID_00268,0.0
SID_04495,0.0
SID_02484,0.0
SID_08076,0.0
SID_08352,0.0
SID_04872,0.0
SID_04779,0.0
SID_07861,0.0
SID_01570,0.0
SID_08646,0.0
SID_09338,0.0
SID_03450,0.0
SID_08391,0.0
SID_03023,0.0
SID_00979,0.0
SID_05407,0.0
SID_04690,0.0
SID_00922,0.0
SID_02125,0.0
SID_00312,0.0
SID_02760,0.0
SID_08017,0.0
SID_07041,0.0
SID_02541,0.0
SID_04937,0.0
SID_01771,0.0
SID_08868,0.0
SID_07265,0.0
SID_07620,0.0
SID_02078,0.0
SID_07946,0.0
SID_08023,0.0
SID_00280,0.0
SID_03369,0.0
SID_07034,0.0
SID_08997,0.0
SID_02797,0.0
SID_02899,0.0
SID_03571,0.0
SID_05292,0.0
SID_01398,0.0
SID_04540,0.0
SID_01485,0.0
SID_07559,0.0
SID_04276,0.0
SID_05529,0.0
SID_05045,0.0
SID_05267,0.0
SID_01145,0.0
SID_05156,0.0
SID_03787,0.0
SID_04883,0.0
SID_05579,0.0
SID_08539,0.0
SID_00438,0.0
SID_06362,0.0
SID_07231,0.0
SID_05699,0.0
SID_04987,0.0
SID_00639,0.0
SID_03273,0.0
SID_01645,0.0
SID_06329,0.0
SID_07220,0.0
SID_07403,0.0
SID_06499,0.0
SID_02091,0.0
SID_05191,0.0
SID_05685,0.0
SID_08683,0.0
SID_04301,0.0
SID_00022,0.0
SID_05224,0.0
SID_04224,0.0
SID_07481,0.0
SID_08369,0.0
SID_09486,0.0
SID_01428,0.0
SID_07498,0.0
SID_08334,0.0
SID_00938,0.0
SID_06842,0.0
SID_07989,0.0
SID_03032,0.0
SID_07262,0.0
SID_06744,0.0
SID_03804,0.0
SID_07790,0.0
SID_02245,0.0
SID_05954,0.0
SID_00901,0.0
SID_01917,0.0
SID_05248,0.0
SID_04878,0.0
SID_06875,0.0
SID_06181,0.0
SID_01041,0.0
SID_05752,0.0
SID_04902,0.0
SID_08896,0.0
SID_05434,0.0
SID_05643,0.0
SID_07327,0.0
SID_07830,0.0
SID_06097,0.0
SID_06943,0.0
SID_02699,0.0
SID_04825,0.0
SID_09176,0.0
SID_00241,0.0
SID_06656,0.0
SID_08163,0.0
SID_03665,0.0
SID_08945,0.0
SID_01234,0.0
SID_06677,0.0
SID_01916,0.0
SID_06665,0.0
SID_03242,0.0
SID_07290,0.0
SID_07816,0.0
SID_03103,0.0
SID_00071,0.0
SID_07217,0.0
SID_00764,0.0
SID_07691,0.0
SID_01845,0.0
SID_07594,0.0
SID_03031,0.0
SID_03606,0.0
SID_06213,0.0
SID_07004,0.0
SID_00088,0.0
SID_06447,0.0
SID_03421,0.0
SID_08834,0.0
SID_06630,0.0
SID_01724,0.0
SID_06947,0.0
SID_04393,0.0
SID_01899,0.0
SID_07119,0.0
SID_07762,0.0
SID_05918,0.0
SID_03753,0.0
SID_01734,0.0
SID_08411,0.0
SID_05889,0.0
SID_08420,0.0
SID_08519,0.0
SID_03125,0.0
SID_02200,0.0
SID_00157,0.0
SID_04784,0.0
SID_00112,0.0
SID_08562,0.0
SID_00251,0.0
SID_07488,0.0
SID_03124,0.0
SID_08124,0.0
SID_01753,0.0
SID_08986,0.0
SID_09431,0.0
SID_07072,0.0
SID_03247,0.0
SID_07359,0.0
SID_02762,0.0
SID_02668,0.0
SID_07427,0.0
SID_05022,0.0
SID_09519,0.0
SID_07966,0.0
SID_07187,0.0
SID_07096,0.0
SID_04751,0.0
SID_07167,0.0
SID_00010,0.0
SID_08963,0.0
SID_07355,0.0
SID_08022,0.0
SID_09417,0.0
SID_08806,0.0
SID_03133,0.0
SID_03549,0.0
SID_02068,0.0
SID_02168,0.0
SID_02324,0.0
SID_03680,0.0
SID_07596,0.0
SID_06937,0.0
SID_08356,0.0
SID_00344,0.0
SID_02956,0.0
SID_06843,0.0
SID_08782,0.0
SID_09256,0.0
SID_04824,0.0
SID_04935,0.0
SID_06786,0.0
SID_05014,0.0
SID_00984,0.0
SID_00708,0.0
SID_07627,0.0
SID_01920,0.0
SID_07309,0.0
SID_01438,0.0
SID_04977,0.0
SID_04631,0.0
SID_08382,0.0
SID_01713,0.0
SID_01468,0.0
SID_07617,0.0
SID_02372,0.0
SID_01818,0.0
SID_09193,0.0
SID_00597,0.0
SID_08515,0.0
SID_05857,0.0
SID_04189,0.0
SID_03351,0.0
SID_08670,0.0
SID_08051,0.0
SID_07382,0.0
SID_04572,0.0
SID_03760,0.0
SID_00884,0.0
SID_07011,0.0
SID_06052,0.0
SID_06009,0.0
SID_03274,0.0
SID_05991,0.0
SID_04695,0.0
SID_06929,0.0
SID_07033,0.0
SID_00745,0.0
SID_02194,0.0
SID_08969,0.0
SID_06972,0.0
SID_04881,0.0
SID_04697,0.0
SID_08774,0.0
SID_01729,0.0
SID_03191,0.0
SID_06462,0.0
SID_04182,0.0
SID_09174,0.0
SID_09055,0.0
SID_03303,0.0
SID_08679,0.0
SID_09304,0.0
SID_08921,0.0
SID_01134,0.0
SID_07362,0.0
SID_04907,0.0
SID_08990,0.0
SID_01429,0.0
SID_04432,0.0
SID_04938,0.0
SID_05419,0.0
SID_06389,0.0
SID_04466,0.0
SID_03604,0.0
SID_04683,0.0
SID_04099,0.0
SID_03129,0.0
SID_06133,0.0
SID_03139,0.0
SID_06957,0.0
SID_00626,0.0
SID_03203,0.0
SID_06344,0.0
SID_04252,0.0
SID_04610,0.0
SID_05744,0.0
SID_03501,0.0
SID_00958,0.0
SID_08360,0.0
SID_01394,0.0
SID_00347,0.0
SID_08666,0.0
SID_07561,0.0
SID_03354,0.0
SID_07590,0.0
SID_01913,0.0
SID_01545,0.0
SID_07908,0.0
SID_03986,0.0
SID_05796,0.0
SID_01045,0.0
SID_03460,0.0
SID_05222,0.0
SID_01810,0.0
SID_00500,0.0
SID_05766,0.0
SID_02410,0.0
SID_07045,0.0
SID_06242,0.0
SID_08216,0.0
SID_06307,0.0
SID_00924,0.0
SID_04216,0.0
SID_03443,0.0
SID_06819,0.0
SID_03114,0.0
SID_03981,0.0
SID_04056,0.0
SID_03688,0.0
SID_07756,0.0
SID_03965,0.0
SID_08504,0.0
SID_02825,0.0
SID_01693,0.0
SID_08408,0.0
SID_01198,0.0
SID_06783,0.0
SID_06457,0.0
SID_04448,0.0
SID_02761,0.0
SID_05253,0.0
SID_04274,0.0
SID_00701,0.0
SID_00723,0.0
SID_01720,0.0
SID_08836,0.0
SID_02978,0.0
SID_07284,0.0
SID_03233,0.0
SID_08604,0.0
SID_01790,0.0
SID_03045,0.0
SID_00111,0.0
SID_01277,0.0
SID_00384,0.0
SID_04597,0.0
SID_05861,0.0
SID_03716,0.0
SID_04577,0.0
SID_03553,0.0
SID_04677,0.0
SID_02089,0.0
SID_05382,0.0
SID_08113,0.0
SID_03264,0.0
SID_04225,0.0
SID_03704,0.0
SID_02837,0.0
SID_08820,0.0
SID_04839,0.0
SID_00467,0.0
SID_07200,0.0
SID_06596,0.0
SID_09077,0.0
SID_03010,0.0
SID_09109,0.0
SID_01808,0.0
SID_01298,0.0
SID_08588,0.0
SID_06990,0.0
SID_00056,0.0
SID_09086,0.0
SID_05243,0.0
SID_03788,0.0
SID_08375,0.0
SID_03072,0.0
SID_08328,0.0
SID_00899,0.0
SID_07761,0.0
SID_02926,0.0
SID_08603,0.0
SID_01889,0.0
SID_02020,0.0
SID_05015,0.0
SID_01422,0.0
SID_08066,0.0
SID_09138,0.0
SID_08451,0.0
SID_06086,0.0
SID_04529,0.0
SID_02246,0.0
SID_06536,0.0
SID_00738,0.0
SID_05690,0.0
SID_01236,0.0
SID_06035,0.0
SID_03021,0.0
SID_07575,0.0
SID_01328,0.0
SID_05739,0.0
SID_08010,0.0
SID_05080,0.0
SID_06122,0.0
SID_08447,0.0
SID_06179,0.0
SID_08633,0.0
SID_09330,0.0
SID_04041,0.0
SID_04266,0.0
SID_01326,0.0
SID_01297,0.0
SID_00847,0.0
SID_02848,0.0
SID_07054,0.0
SID_03152,0.0
SID_00941,0.0
SID_07574,0.0
SID_08570,0.0
SID_05751,0.0
SID_05536,0.0
SID_04501,0.0
SID_06331,0.0
SID_08289,0.0
SID_01698,0.0
SID_00257,0.0
SID_00350,0.0
SID_00396,0.0
SID_06066,0.0
SID_03605,0.0
SID_02129,0.0
SID_04145,0.0
SID_01078,0.0
SID_01992,0.0
SID_08775,0.0
SID_01947,0.0
SID_06348,0.0
SID_01190,0.0
SID_09326,0.0
SID_07347,0.0
SID_08551,0.0
SID_04806,0.0
SID_04958,0.0
SID_00535,0.0
SID_08616,0.0
SID_00381,0.0
SID_01801,0.0
SID_07853,0.0
SID_09360,0.0
SID_05297,0.0
SID_05116,0.0
SID_07283,0.0
SID_00543,0.0
SID_07959,0.0
SID_03587,0.0
SID_03978,0.0
SID_08526,0.0
SID_04027,0.0
SID_00127,0.0
SID_03844,0.0
SID_04065,0.0
SID_08277,0.0
SID_07047,0.0
SID_08313,0.0
SID_03654,0.0
SID_01644,0.0
SID_02173,0.0
SID_03887,0.0
SID_08028,0.0
SID_08707,0.0
SID_05911,0.0
SID_08235,0.0
SID_00511,0.0
SID_06265,0.0
SID_02421,0.0
SID_05374,0.0
SID_01515,0.0
SID_01424,0.0
SID_04925,0.0
SID_07294,0.0
SID_01514,0.0
SID_09339,0.0
SID_00563,0.0
SID_04660,0.0
SID_04330,0.0
SID_05951,0.0
SID_08040,0.0
SID_00790,0.0
SID_04864,0.0
SID_04526,0.0
SID_04004,0.0
SID_07567,0.0
SID_07889,0.0
SID_09264,0.0
SID_08019,0.0
SID_02178,0.0
SID_08387,0.0
SID_00761,0.0
SID_09367,0.0
SID_03484,0.0
SID_08863,0.0
SID_08112,0.0
SID_03102,0.0
SID_01142,0.0
SID_08268,0.0
SID_03265,0.0
SID_02085,0.0
SID_01327,0.0
SID_00274,0.0
SID_02715,0.0
SID_08808,0.0
SID_03952,0.0
SID_01276,0.0
SID_03892,0.0
SID_04956,0.0
SID_01799,0.0
SID_00029,0.0
SID_08576,0.0
SID_04842,0.0
SID_04488,0.0
SID_00668,0.0
SID_03366,0.0
SID_01572,0.0
SID_01126,0.0
SID_06111,0.0
SID_07612,0.0
SID_05675,0.0
SID_02389,0.0
SID_04202,0.0
SID_01793,0.0
SID_02818,0.0
SID_04730,0.0
SID_01120,0.0
SID_02728,0.0
SID_06003,0.0
SID_02255,0.0
SID_04522,0.0
SID_03636,0.0
SID_05993,0.0
SID_02862,0.0
SID_00275,0.0
SID_00780,0.0
SID_08211,0.0
SID_06212,0.0
SID_02985,0.0
SID_05633,0.0
SID_05707,0.0
SID_02857,0.0
SID_07184,0.0
SID_01634,0.0
SID_00019,0.0
SID_01754,0.0
SID_01516,0.0
SID_04708,0.0
SID_08620,0.0
SID_00523,0.0
SID_08721,0.0
SID_09259,0.0
SID_06170,0.0
SID_09089,0.0
SID_00891,0.0
SID_06474,0.0
SID_01844,0.0
